{
    "metadata":{
        "uvs":0,
        "normals":45,
        "faces":45,
        "version":3,
        "vertices":30,
        "type":"Geometry",
        "generator":"io_three"
    },
    "uvs":[],
    "faces":[32,8,5,11,0,0,0,32,12,11,13,1,1,1,32,12,10,7,2,2,2,32,11,7,8,3,3,3,32,10,3,7,4,4,4,32,7,9,8,5,5,5,32,3,2,6,6,6,6,32,8,9,5,7,7,7,32,3,9,7,8,8,8,32,3,6,9,9,9,9,32,14,12,13,10,10,10,32,12,4,10,11,11,11,32,3,10,4,12,12,12,32,7,11,12,13,13,13,32,13,11,1,14,14,14,32,13,1,14,15,15,15,32,12,0,4,16,16,16,32,28,20,23,17,17,17,32,18,19,20,18,18,18,32,18,17,22,19,19,19,32,20,28,17,20,20,20,32,22,17,15,21,21,21,32,17,28,16,22,22,22,32,15,29,25,23,23,23,32,28,23,16,24,24,24,32,15,17,16,25,25,25,32,15,16,29,26,26,26,32,27,19,18,27,27,27,32,18,22,21,28,28,28,32,15,21,22,29,29,29,32,17,18,20,30,30,30,32,19,26,20,31,31,31,32,19,27,26,32,32,32,32,18,21,24,33,33,33,33,11,5,23,20,34,34,34,34,33,9,6,29,16,35,35,35,35,33,5,9,16,23,36,36,36,36,33,0,12,18,24,37,37,37,37,33,12,14,27,18,38,38,38,38,33,4,0,24,21,39,39,39,39,33,1,11,20,26,40,40,40,40,33,14,1,26,27,41,41,41,41,33,3,4,21,15,42,42,42,42,33,2,3,15,25,43,43,43,43,33,6,2,25,29,44,44,44,44],
    "name":"LandscapeGeometry",
    "vertices":[-1.9815,2.1428,2.98701,5.07427,1.45717,1.39687,-1.09893,1.59271,-4.16215,-1.19799,1.45304,-2.70979,-2.33518,2.22207,0.79865,4.76252,1.4049,-2.6018,1.28273,2.20895,-3.90533,0.392803,2.30385,-1.19847,2.25017,2.95575,-1.62198,2.62667,2.55071,-3.03119,-0.457382,1.47311,0.002142,2.53047,2.72401,-0.394367,0.892917,1.4925,1.56874,2.92163,1.74011,1.18633,2.19399,1.47642,3.38918,-1.20811,1.64481,-2.69192,2.61655,2.74248,-3.01333,0.382684,2.49563,-1.1806,0.882798,1.68427,1.58661,2.91151,1.93189,1.20419,2.52035,2.91579,-0.376504,-2.3453,2.41384,0.816513,-0.467501,1.66488,0.020005,4.7524,1.59667,-2.58393,-1.99162,2.33457,3.00488,-1.10905,1.78448,-4.14429,5.06416,1.64894,1.41473,2.18387,1.6682,3.40704,2.24005,3.14752,-1.60412,1.27261,2.40072,-3.88747],
    "normals":[-0.535338,-0.037058,0.843824,0.003827,-0.529119,0.848539,0.387336,-0.323166,0.863443,0.272822,-0.238245,0.932098,0.573763,-0.150734,0.805031,0.380121,0.347886,0.85702,0.257369,-0.075091,0.963391,-0.487779,0.118277,0.864918,0.286187,0.223322,0.931785,0.272284,-0.042798,0.961264,0.105131,-0.08389,0.990914,-0.268641,0.243089,0.932062,-0.332635,0.09778,0.937973,0.296514,-0.317661,0.90065,-0.061765,-0.516371,0.854135,-0.113821,-0.155065,0.981325,-0.220515,0.000309,0.975384,0.535338,0.037058,-0.843824,-0.003827,0.529119,-0.848539,-0.387336,0.323166,-0.863443,-0.272822,0.238244,-0.932099,-0.573763,0.150734,-0.805031,-0.380121,-0.347886,-0.85702,-0.257369,0.075091,-0.963391,0.487779,-0.118277,-0.864918,-0.286187,-0.223322,-0.931785,-0.272284,0.042798,-0.961265,-0.105131,0.08389,-0.990914,0.268641,-0.243089,-0.932062,0.332635,-0.09778,-0.937973,-0.296514,0.317661,-0.90065,0.061765,0.516371,-0.854135,0.113821,0.155065,-0.981325,0.220515,-0.000309,-0.975384,0.6937,0.719621,0.030428,0.523001,-0.845669,-0.106367,0.248786,-0.963084,-0.102835,0.430489,0.900521,0.061166,-0.81017,0.57818,0.096604,-0.985375,0.156844,0.066601,0.607089,-0.787613,-0.105395,0.568049,0.821677,0.046564,-0.952448,-0.303908,0.021947,-0.996325,-0.072358,0.04583,0.081938,-0.991933,-0.096719]
}