{
    "metadata":{
        "version":3,
        "normals":72,
        "vertices":57,
        "uvs":0,
        "type":"Geometry",
        "faces":101,
        "generator":"io_three"
    },
    "normals":[0.317118,0.258745,-0.912408,-0.277182,-0.3348,-0.900599,-0,1,-0,0,1,-0,0,1,0,1,0,-0,1,-0,-0,1,-0,-0,1,-2e-06,-1.8e-05,1,0,0,-0.225704,-0.442691,-0.867803,-0.406322,-0.32603,-0.853585,-0.190923,0.242015,-0.951303,0.172239,0.25214,-0.952239,0.231561,0.14254,-0.962321,0.172239,0.25214,-0.952239,-0.087277,0.003036,-0.996179,-0.457788,0.538215,-0.70764,-0.467096,0.549686,-0.69258,-1,0,-0,-1,0,0,-1,-0,-0,0,0,1,-0.076544,0.226372,-0.971029,0.093324,-0.069018,-0.993241,-0.081574,0.030423,-0.996203,0,1,-0,0.079721,-0.092149,-0.992549,0.088601,0.749332,-0.65624,-0.126449,0.287909,-0.949273,-0.004784,-0.125494,-0.992083,0.025838,0.010808,-0.999608,-0,-1,-0,0,-1,-0,0,-1,-0,0.089268,0.081449,-0.992672,0.089268,0.081449,-0.992672,0.089268,0.081449,-0.992672,-0.088805,-0.376969,-0.921959,0.219569,0.224684,-0.949372,-0.258696,-0.175777,-0.949831,-0.261566,-0.176633,-0.948886,0.469446,-0.295057,-0.832203,-0.187951,-0.053462,-0.980722,0.074499,0.178212,-0.981168,-0.064095,0.111469,-0.991699,0.076537,-0.059501,-0.99529,0.076537,-0.059501,-0.99529,0.292611,-0.018034,-0.956062,-0.155145,0.198341,-0.967776,0.378291,0.28901,-0.879414,0.140486,-0.308302,-0.940858,0.027886,-0.237257,-0.971047,0.001427,-0.004483,-0.999989,-0.131571,-0.267909,-0.954418,-0.131571,-0.267909,-0.954418,-0.131571,-0.267909,-0.954418,-0.020885,0.151385,-0.988254,0.002293,-0.132115,-0.991232,0.194311,-0.374375,-0.90669,-0.219148,0.258752,-0.940756,0.040955,-0.163427,-0.985705,0.999918,-0.007963,0.010081,1,0,-0,0,1,0,0,-0,-1,0.726249,-0,-0.687432,-0.122153,0.122153,-0.984966,0.004777,-0.99998,0.004062,-0,-1,-0,-1,0,-0,-1,-0,0],
    "vertices":[3.85428,1.25535,5.45008,5.45161,0.70018,5.45008,5.45161,1.15316,3.85275,3.98186,0.512498,3.34622,2.25696,0.494992,5.45008,0.659626,0.174414,5.45008,-1.123,0.603365,5.45008,-5.72969,0.199767,5.45008,-5.72969,-0.701831,5.45008,5.45161,-0.701831,5.45008,5.45161,0.626793,-4.12026,5.45161,0.116888,-2.43904,5.45161,0.503973,0.621019,5.45161,0.338314,2.25542,5.45161,-0.701832,-5.73123,5.45161,1.00235,-5.73123,0.712847,0.682688,3.49416,1.097,0.759786,3.49416,-0.775449,0.951888,3.49416,-2.09734,1.04696,4.03809,-3.48242,0.568194,3.48947,-4.1071,0.348674,3.23524,-5.72969,0.940123,2.32181,-5.72969,0.339297,0.627188,-5.72969,0.041299,-3.42823,-5.72969,0.459598,-5.73123,-5.72969,-0.701832,-5.73123,1.91784,0.335801,-4.06693,4.13831,0.398415,-0.163395,2.24365,0.344988,-3.49416,2.75999,0.176153,-3.49416,3.49416,0.176153,-3.49416,3.49416,0.380251,-1.2958,-4.13236,0.338314,-5.73123,-2.53503,1.02543,-5.73123,-0.937703,0.338314,-5.73123,3.49416,0.562156,3.27552,3.49416,0.544217,3.49416,-1.38155,0.893507,3.49416,-2.20442,0.917138,3.49416,-3.49416,0.343608,2.30035,-3.49416,0.594174,-2.55651,-3.49416,0.610945,-0.837746,-2.13635,0.334156,-4.14963,3.49416,0.432964,-0.414051,1.3534,0.413448,-3.49416,3.49416,0.644892,2.45182,3.49416,0.598391,-0.013407,3.49416,0.483965,3.0369,-3.49416,0.337541,0.94706,-2.55618,0.460275,-3.49416,-3.49416,0.330971,-3.49416,-1.59318,0.420264,-3.49416,-3.49416,-0.599469,3.49416,-3.49416,-0.59947,-3.49416,3.49416,-0.599469,3.49416,3.49416,-0.59947,-3.49416],
    "uvs":[],
    "faces":[32,0,1,2,0,0,0,32,3,0,2,1,1,1,32,1,0,4,2,2,2,32,5,6,7,2,2,2,32,1,4,5,3,3,3,32,8,9,1,3,3,3,32,5,7,8,2,2,2,32,5,8,1,4,4,4,32,15,10,11,5,5,5,32,11,12,13,5,5,5,32,13,2,1,6,6,6,32,1,9,14,7,7,7,32,14,15,11,5,5,5,32,13,1,14,8,8,8,32,11,13,14,9,9,9,32,3,2,13,10,10,10,32,4,0,3,11,11,11,33,16,5,4,17,12,12,12,12,32,16,18,19,13,13,13,32,19,6,5,14,14,14,32,19,5,16,15,15,15,32,21,7,6,16,16,16,32,6,19,20,17,17,17,32,6,20,21,18,18,18,32,7,22,23,19,19,19,32,24,25,26,19,19,19,32,7,23,24,19,19,19,32,26,8,7,20,20,20,32,24,26,7,21,21,21,33,26,14,9,8,22,22,22,22,32,27,10,15,23,23,23,32,32,28,11,24,24,24,32,10,27,29,25,25,25,32,29,30,31,26,26,26,32,31,32,11,27,27,27,32,10,29,31,28,28,28,32,11,10,31,29,29,29,32,28,12,11,30,30,30,33,3,13,12,28,31,31,31,31,32,33,34,35,32,32,32,32,35,15,14,32,32,32,32,14,26,25,33,33,33,32,33,35,14,34,34,34,32,33,14,25,34,34,34,32,37,17,4,35,35,35,32,3,36,37,36,36,36,32,4,3,37,37,37,37,32,38,19,18,38,38,38,32,22,7,21,39,39,39,32,20,19,39,40,40,40,32,21,20,40,41,41,41,32,22,21,23,42,42,42,33,41,24,23,42,43,43,43,43,32,24,33,25,44,44,44,33,35,43,27,15,45,45,45,45,32,44,28,32,46,46,46,32,29,27,45,47,47,47,33,46,3,28,47,48,48,48,48,33,33,24,43,34,49,49,49,49,32,34,43,35,50,50,50,32,36,3,48,51,51,51,32,39,19,38,52,52,52,33,49,23,21,40,53,53,53,53,32,51,50,43,54,54,54,32,24,41,51,55,55,55,32,43,24,51,56,56,56,32,42,23,49,57,57,57,33,45,27,43,52,58,58,58,58,32,47,28,44,59,59,59,32,48,3,46,60,60,60,32,52,43,50,61,61,61,32,54,51,41,5,5,5,32,41,42,49,5,5,5,32,40,20,53,62,62,62,32,54,41,49,5,5,5,32,49,40,53,63,63,63,32,49,53,54,9,9,9,32,54,30,29,3,3,3,32,29,45,52,3,3,3,32,52,50,51,2,2,2,32,51,54,29,64,64,64,32,29,52,51,2,2,2,32,54,53,55,65,65,65,32,55,56,30,66,66,66,32,55,30,54,67,67,67,32,53,20,39,68,68,68,32,38,18,16,32,32,32,32,53,39,38,32,32,32,32,37,55,53,34,34,34,32,16,17,37,32,32,32,32,53,38,16,69,69,69,32,16,37,53,34,34,34,32,31,30,56,64,64,64,32,55,37,36,19,19,19,32,48,46,47,70,70,70,32,55,36,48,19,19,19,32,31,56,55,21,21,21,32,44,32,31,19,19,19,32,48,47,44,19,19,19,32,31,55,48,71,71,71,32,48,44,31,19,19,19],
    "name":"Plane.001Geometry"
}