{
    "materials":[{
        "DbgIndex":0,
        "wireframe":false,
        "transparent":false,
        "DbgColor":15658734,
        "DbgName":"FloorMaterial",
        "opacity":1,
        "depthTest":true,
        "blending":"NormalBlending",
        "depthWrite":true,
        "shading":"phong",
        "colorDiffuse":[0.64,0.64,0.64],
        "colorEmissive":[0,0,0],
        "specularCoef":50,
        "visible":true,
        "colorSpecular":[0.5,0.5,0.5]
    },{
        "DbgIndex":1,
        "wireframe":false,
        "transparent":false,
        "DbgColor":15597568,
        "DbgName":"RedMaterial",
        "opacity":1,
        "depthTest":true,
        "blending":"NormalBlending",
        "depthWrite":true,
        "shading":"phong",
        "colorDiffuse":[0.8,0,0],
        "colorEmissive":[0,0,0],
        "specularCoef":50,
        "visible":true,
        "colorSpecular":[0.5,0.5,0.5]
    }],
    "vertices":[-6.20508,-0.922946,6.42013,-6.20508,-0.922948,-6.20119,6.41623,-0.922948,-6.20119,6.41623,-0.922946,6.42013,-1.20061,-0.280283,-2.70726,-1.09893,-0.140616,-4.16215,-1.63653,0.435135,-6.20119,-2.80365,-0.276856,-5.13287,6.41623,-0.065314,6.42013,6.41623,-0.165533,5.27273,5.26884,-0.092434,6.42013,6.41623,-0.058795,3.03152,6.41623,0.310179,1.83056,5.07427,-0.276158,1.39687,6.41623,-0.256876,0.636316,6.41623,0.205509,-2.75851,4.76252,-0.328427,-2.6018,6.41623,-0.299453,-4.23897,2.91639,0.212708,1.19138,-2.3378,0.488743,0.801179,-1.9815,0.409475,2.98701,1.28273,0.475625,-3.90533,-0.497868,-0.289169,-6.20119,6.41623,-0.01027,4.12534,2.62667,0.817387,-3.03119,2.62143,1.02331,-3.02613,-6.20508,-0.174634,-1.57938,4.75728,-0.122508,-2.59674,2.53047,0.990689,-0.394367,4.83311,0.529739,-0.474588,-6.20508,-0.327336,0.679581,-3.88542,-0.228237,1.58972,-6.20508,0.097783,-0.464228,2.92163,0.006789,1.18633,-1.55826,-0.094891,6.42013,2.19399,-0.256902,3.38918,0.500644,0.166247,3.50308,-4.5014,-0.215659,4.29561,-1.04866,-0.22727,4.7777,-5.05769,0.047074,-6.20119,-6.20508,-0.30672,-5.00099,-3.77621,-0.019437,-6.20119,4.09381,0.599571,6.42013,3.66823,-0.309102,4.48668,-6.20508,-0.264098,-6.20119,0.925085,0.130195,-6.20119,2.97406,-0.288793,-6.20119,-6.20508,0.044319,-3.519,-6.20508,-0.050636,1.76585,-6.20508,0.44806,3.60048,-6.20508,0.004954,5.27273,-6.20508,-0.190434,6.42013,-2.83229,0.326465,6.42013,6.41623,0.4056,-6.20119,4.52145,0.263443,-4.61619,2.18876,-0.050983,3.39424,2.24493,1.42835,-1.61693,0.387566,0.776449,-1.19341,-2.34173,0.694662,0.804972,0.887679,-0.034904,1.5738,2.52523,1.19661,-0.38931,-1.20323,-0.074364,-2.70473,-0.398266,-0.079127,-0.011635,-1.98674,0.615394,2.99207,0.495407,0.372166,3.50813,1.27749,0.681544,-3.90028,-1.98674,0.615394,2.99207,-3.89066,-0.022318,1.59478],
    "faces":[34,0,1,2,0,0,0,0,34,2,3,0,0,0,0,0,34,4,5,6,0,1,1,1,34,6,7,4,0,2,2,2,34,8,9,10,0,3,3,3,34,11,12,13,0,4,4,4,34,13,12,14,0,5,5,5,34,14,15,16,0,6,6,6,34,16,15,17,0,7,7,7,34,59,18,60,1,8,8,8,34,5,21,22,0,9,9,9,34,9,23,10,0,10,10,10,34,4,21,5,0,11,11,11,34,28,29,16,0,12,12,12,34,30,31,32,0,13,13,13,34,13,29,28,0,14,14,14,35,19,31,67,58,1,15,15,15,15,34,34,35,36,0,16,16,16,35,20,36,64,63,1,17,17,17,17,34,35,11,13,0,18,18,18,34,37,20,31,0,19,19,19,34,34,38,37,0,20,20,20,34,34,36,38,0,21,21,21,34,39,40,7,0,22,22,22,34,7,41,39,0,23,23,23,34,42,43,35,0,24,24,24,34,42,10,11,0,25,25,25,34,40,39,44,0,26,26,26,34,45,24,46,0,27,27,27,34,29,13,14,0,28,28,28,34,29,14,16,0,29,29,29,34,40,4,7,0,30,30,30,34,6,5,22,0,31,31,31,34,22,21,45,0,32,32,32,34,21,24,45,0,33,33,33,34,47,4,40,0,34,34,34,35,36,35,55,64,1,35,35,35,35,34,47,26,4,0,36,36,36,35,35,33,18,55,1,37,37,37,37,35,24,21,65,25,1,38,38,38,38,34,26,32,31,0,39,39,39,34,31,19,26,0,40,40,40,35,33,28,60,18,1,41,41,41,41,35,16,24,25,27,1,42,42,42,42,34,33,13,28,0,43,43,43,34,48,31,30,0,44,44,44,34,49,37,48,0,45,45,45,34,48,37,31,0,46,46,46,34,33,35,13,0,47,47,47,34,37,38,20,0,48,48,48,34,20,38,36,0,49,49,49,34,43,11,35,0,50,50,50,34,49,50,37,0,51,51,51,34,50,51,37,0,52,52,52,34,51,52,37,0,53,53,53,34,52,34,37,0,54,54,54,34,43,42,11,0,55,55,55,34,7,6,41,0,56,56,56,34,16,17,53,0,57,57,57,34,11,10,23,0,58,58,58,34,42,35,34,0,59,59,59,34,46,24,54,0,60,60,60,34,24,16,54,0,61,61,61,34,53,54,16,0,62,62,62,34,54,53,46,0,63,63,63,34,9,8,3,0,64,64,64,34,23,3,11,0,65,65,65,34,12,11,14,0,66,66,66,34,15,14,17,0,67,67,67,34,17,2,53,0,68,68,68,34,17,14,2,0,66,66,66,34,3,14,11,0,69,69,69,34,2,14,3,0,69,69,69,34,23,9,3,0,69,69,69,34,53,2,46,0,70,70,70,34,44,39,1,0,71,71,71,34,39,41,1,0,72,72,72,34,6,22,41,0,73,73,73,34,41,22,1,0,74,74,74,34,22,45,46,0,75,75,75,34,2,1,46,0,76,76,76,34,22,46,1,0,77,77,77,34,44,1,40,0,78,78,78,34,47,40,26,0,79,79,79,34,32,26,30,0,80,80,80,34,1,26,40,0,81,81,81,34,26,1,30,0,79,79,79,34,49,48,50,0,82,82,82,34,51,50,0,0,80,80,80,34,50,48,0,0,83,83,83,34,30,0,48,0,84,84,84,34,1,0,30,0,81,81,81,34,51,0,34,0,85,85,85,34,34,52,51,0,86,86,86,34,8,10,3,0,87,87,87,34,42,34,10,0,88,88,88,34,0,3,34,0,89,89,89,34,3,10,34,0,90,90,90,34,56,60,27,1,91,91,91,34,56,27,25,1,92,92,92,34,61,57,25,1,93,93,93,34,61,25,65,1,94,94,94,34,55,18,59,1,95,95,95,34,59,62,58,1,96,96,96,35,21,4,61,65,1,97,97,97,97,34,59,57,62,1,98,98,98,34,60,56,57,1,99,99,99,34,62,57,61,1,100,100,100,34,57,56,25,1,101,101,101,34,19,4,26,0,102,102,102,35,28,16,27,60,1,103,103,103,103,34,57,59,60,1,104,104,104,34,64,55,59,1,105,105,105,34,63,64,59,1,106,106,106,34,59,58,63,1,107,107,107,34,67,66,58,1,108,108,108,35,31,20,66,67,1,109,109,109,109,34,58,62,61,1,110,110,110,35,4,19,58,61,1,111,111,111,111],
    "uvs":[],
    "metadata":{
        "generator":"io_three",
        "type":"Geometry",
        "materials":2,
        "uvs":0,
        "version":3,
        "vertices":68,
        "faces":119,
        "normals":112
    },
    "name":"LandscapeGeometry.2",